Title,Author/Creator,Published in,Theses & Dissertations,Subject,Local Subject,Genre,Description,Contents,Uniform title,Other title,ISSN/ISBN/Other Identifier,Related titles,Series,Publisher,Publication Date,Format,Edition,Frequency,General note,Local note,Source,Bound with,Accessibility Note,Note,Awards Note,Exhibitions Note,Language Note,Restrictions on Access Note,Description in another language,Permalink
Digital humanities and theatre studies: New perspectives on the early reception of Ibsen on the German stage,"Hanssen, Jens-Morten","Ibsen studies, 2018, Vol.18 (2)",,informasjonsteknologi (IT) ;   norsk drama ;   resepsjon ;   teaterproduksjon ;   teatervitenskap,,,,,,,ISSN: 1502-1866; EISSN: 1741-8720,,,,,,,,,,Scholars Portal Journals: Taylor & Francis SSH Collection; Taylor & Francis CRKN Social Science and Humanities,,,,,,,,,https://ocul-crl.primo.exlibrisgroup.com/permalink/01OCUL_CRL/17erkeh/cdi_norart_articles_999921778209502201
Digital Humanities,"Roy, Dibyadyuti ;  Deshbandhu, Aditya","The year's work in critical and cultural theory, 2025-10",,,,,"This year’s review of digital humanities (DH) continues to position DH at the epicentre of debates around AI, while tracing how these conversations have evolved within disciplinary scholarship from 2024 and early 2025. The surveyed interventions critically examine trajectories in contemporary DH where uncritical endorsements of massive datasets and computational complexity often result in algorithmic reductionism, which can obscure and oversimplify complexities in the domain of the humanities and social sciences. Building on the authors’ emphasis on decolonial approaches in DH—scholarship that frequently develops beyond traditional Anglo-American frameworks—this survey of scholarship reveals that significant DH contributions are not necessarily dependent on vast amounts of data. Rather, meaningful work in the discipline can emerge from relatively constrained information infrastructures that leverage the strength of community connections and focus on granular and localized user experiences. The essay is organized into five key areas: small-scale databases in DH; the limitations of scale in Global South and Global Majority contexts; resistance to bias in AI, metadata, and archival practices; user relationships with archives; and the emerging role of video games as digital archives. Together, these scholarly interventions reveal how DH researchers, educators, and practitioners can and should tactically repurpose strategic digital sites, tools, and methods for nuanced approaches that prioritize humanistic enquiry over the supposed objectivity of large-scale computational paradigms.",,,,ISSN: 1077-4254; EISSN: 1471-681X; DOI: 10.1093/ywcct/mbaf019,,,,,,,,,,CRKN Oxford University Press Current,,,,,,,,,https://ocul-crl.primo.exlibrisgroup.com/permalink/01OCUL_CRL/17erkeh/cdi_crossref_primary_10_1093_ywcct_mbaf019
Digital humanities e biblioteche,"Lana, Maurizio","AIB studi (Roma ), 2020-01, Vol.59 (1/2), p.185",,19th century ;   Digital humanities ;   Academic disciplines ;   aiucd ;   Bible ;   Cultural studies ;   Culture ;   digital libraries ;   Geopolitics ;   Humanities ;   Indexes ;   Libraries ;   Mass media ;   Media studies ;   Middle Ages,,,"Gli inizi delle Digital humanities sono complessi da delineare ma comunque connessi con l'utilizzo di biblioteche esistenti (nel Medioevo o nell'Ottocento) o con la creazione di nuove biblioteche sul finire del secolo scorso, nei progetti dell'Index Thomisticus, dei Computer assisted tools for Septuagint studies, del Thesaurus linguae Graecae. L'impronta metodologica di fondo, attraverso questo inizio multitemporale e multicentrico, è lo studio dei testi attorno al quale si incontrano discipline molto differenti e anche apparentemente lontane. Nel contesto internazionale questa impronta pur presente viene messa in discussione in quanto sarebbe escludente rispetto a una varietà di temi il cui orizzonte va dai cultural studies, ai media studies, all'inclusione geopolitica del Sud del mondo. La situazione italiana, anche attraverso l'AIUCD, l'Associazione di informatica umanistica e cultura digitale, si caratterizza invece per la capacità di riconoscere in forme costantemente rinnovate la capacità vitale del testo e della testualità di costituire il connettivo di una varietà di contenuti e contesti.",,,,ISSN: 2280-9112; EISSN: 2239-6144; EISSN: 2239-6152; DOI: 10.2426/aibstudi-11862,,,Rome: Associazione Italiana di Aeronautica,,,,,,,Library & Information Science Abstracts (LISA); Free E- Journals,,,,,,,,,https://ocul-crl.primo.exlibrisgroup.com/permalink/01OCUL_CRL/17erkeh/cdi_doaj_primary_oai_doaj_org_article_d85f0f4b757f4b9aa7419b42e4eb2036
Digital humanities—A discipline in its own right? An analysis of the role and position of digital humanities in the academic landscape,"Luhmann, Jan ;  Burghardt, Manuel","Journal of the Association for Information Science and Technology, 2022-02, Vol.73 (2), p.148-171",,"Computer Science ;   Computer Science, Information Systems ;   Information Science & Library Science ;   Science & Technology ;   Technology",,,"Although digital humanities (DH) has received a lot of attention in recent years, its status as “a discipline in its own right” (Schreibman et al., A companion to digital humanities (pp. xxiii–xxvii). Blackwell; 2004) and its position in the overall academic landscape are still being negotiated. While there are countless essays and opinion pieces that debate the status of DH, little research has been dedicated to exploring the field in a systematic and empirical way (Poole, Journal of Documentation; 2017:73). This study aims to contribute to the existing research gap by comparing articles published over the past three decades in three established English‐language DH journals (Computers and the Humanities, Literary and Linguistic Computing, Digital Humanities Quarterly) with research articles from journals in 15 other academic disciplines (corpus size: 34,041 articles; 299 million tokens). As a method of analysis, we use latent Dirichlet allocation topic modeling, combined with recent approaches that aggregate topic models by means of hierarchical agglomerative clustering. Our findings indicate that DH is simultaneously a discipline in its own right and a highly interdisciplinary field, with many connecting factors to neighboring disciplines—first and foremost, computational linguistics, and information science. Detailed descriptive analyses shed some light on the diachronic development of DH and also highlight topics that are characteristic for DH.",,,,ISSN: 2330-1635; EISSN: 2330-1643; DOI: 10.1002/asi.24533,,,"Hoboken, USA: John Wiley & Sons, Inc",,,,,,,EBSCOhost Business Source Complete (OCUL); CRKN Wiley Online Library; Web of Science Core Collection; Scopus; Science Citation Index Expanded; Social Sciences Citation Index,,,,,,,,,https://ocul-crl.primo.exlibrisgroup.com/permalink/01OCUL_CRL/17erkeh/cdi_crossref_primary_10_1002_asi_24533
Arte latinoamericana dal punto di vista delle Digital Humanities,Cristóbal F Barría Bignotti ;  Chiara Stella Sara Alberti,"Quaderni Culturali IILA, 2021-12, Vol.3 (3), p.11",,Digital humanities,,,,,,,EISSN: 2785-5031; DOI: 10.36253/qciila-1549,,,Rome: Firenze University Press Università degli Studi di Firenze,,,,,,,Political Science Database (OCUL); Politics Collection (OCUL),,,,,,,,,https://ocul-crl.primo.exlibrisgroup.com/permalink/01OCUL_CRL/17erkeh/cdi_proquest_journals_3233929060
Una vez más sobre los sures de las digital humanities,"Riande, Gimena Del Rio ;  Fiormonte, Domenico","Acervo : revista do Arquivo Nacional, 2022-03, Vol.35 (1), p.1-15",,digital humanities ;   geopolitics ;   inequities ;   technology,,,"Antes que hablar de humanidades digitales, este artículo propone contextualizarlas críticamente revisando cuestiones relacionadas con la geopolítica del conocimiento y las desigualdades en la investigación a nivel global. Para ello, interroga etiquetas acuñadas desde el norte y piensa el sur o los sures como parte de la epistemología de unas humanidades digitales independientes y sostenibles. Palabras clave: humanidades digitales; geopolítica; tecnología; desigualdad.  ",,,,ISSN: 0102-700X; EISSN: 2237-8723; DOI: 10.64729/an.acervo.v35i1.1850,,,,,,,,,,Scopus; Free E- Journals,,,,,,,,,https://ocul-crl.primo.exlibrisgroup.com/permalink/01OCUL_CRL/17erkeh/cdi_scopus_primary_2_s2_0_85182845038
"Rappresentazione, organizzazione e trasmissione della conoscenza: Library and information science e digital humanities",Simona Turbanti,"AIB studi (Roma ), 2022-12, Vol.62 (3)",,digital humanities ;   knowledge organization ;   library and information science,,,"L’articolo prende spunto da due recenti lavori monografici che ricadono nello spettro delle digital humanities, entrambi pubblicati da Editrice bibliografica: il volume di Federico Meschini Oltre il libro: forme di testualità e digital humanities (2020) e quello di Francesca Tomasi Organizzare la conoscenza: digital humanities e web semantico: un percorso tra archivi, biblioteche e musei (2022). L’articolo si sofferma in particolare sui legami esistenti tra le istituzioni della memoria, le discipline del libro e del documento e il ‘potenziale’ che può derivare da progetti ideati e sviluppati in ambiente digitale.",,,,ISSN: 2280-9112; EISSN: 2239-6152; DOI: 10.2426/aibstudi-13808,,,Associazione italiana biblioteche,,,,,,,Free E- Journals,,,,,,,,,https://ocul-crl.primo.exlibrisgroup.com/permalink/01OCUL_CRL/17erkeh/cdi_doaj_primary_oai_doaj_org_article_0b3c1c4f57b84c32b0256abd3bf68984
Digital humanities in the iSchool,"Walsh, John A. ;  Cobb, Peter J. ;  Fremery, Wayne ;  Golub, Koraljka ;  Keah, Humphrey ;  Kim, Jeonghyun ;  Kiplang'at, Joseph ;  Liu, Ying‐Hsang ;  Mahony, Simon ;  Oh, Sam G. ;  Sula, Chris Alen ;  Underwood, Ted ;  Wang, Xiaoguang","Journal of the Association for Information Science and Technology, 2022-02, Vol.73 (2), p.188-203",,"Biblioteks- och informationsvetenskap ;   Computer Science ;   Computer Science, Information Systems ;   Information Science & Library Science ;   Library and Information Science ;   Science & Technology ;   Technology",,,"The interdisciplinary field known as digital humanities (DH) is represented in various forms in the teaching and research practiced in iSchools. Building on the work of an iSchools organization committee charged with exploring digital humanities curricula, we present findings from a series of related studies exploring aspects of DH teaching, education, and research in iSchools, often in collaboration with other units and disciplines. Through a survey of iSchool programs and an online DH course registry, we investigate the various education models for DH training found in iSchools, followed by a detailed look at DH courses and curricula, explored through analysis of course syllabi and course descriptions. We take a brief look at collaborative disciplines with which iSchools cooperate on DH research projects or in offering DH education. Next, we explore DH careers through an analysis of relevant job advertisements. Finally, we offer some observations about the management and administrative challenges and opportunities related to offering a new iSchool DH program. Our results provide a snapshot of the current state of digital humanities in iSchools which may usefully inform the design and evolution of new DH programs, degrees, and related initiatives.",,,,ISSN: 2330-1635; ISSN: 2330-1643; EISSN: 2330-1643; DOI: 10.1002/asi.24535,,,"Hoboken, USA: John Wiley & Sons, Inc",,,,,,,EBSCOhost Business Source Complete (OCUL); CRKN Wiley Online Library; Web of Science Core Collection; Scopus; Science Citation Index Expanded; Social Sciences Citation Index,,,,,,,,,https://ocul-crl.primo.exlibrisgroup.com/permalink/01OCUL_CRL/17erkeh/cdi_crossref_primary_10_1002_asi_24535
"Digital humanities e culture documentarie: un modello di analisi, valutazione, interpretazione","Vivarelli, Maurizio","AIB studi (Roma ), 2020-09, Vol.60 (3), p.553-589",,Digital humanities ;   Academic disciplines ;   Anthropocene ;   Attitudes ;   Bibliographic literature ;   Culture ;   digital humanties ;   disciplinary relationships ;   Documentation ;   Humanities ;   Information ;   Information science ;   Librarians ;   Libraries ;   Library and information science ;   lis ;   Machinery ;   Mass media ;   Media studies,,,"Questo contributo ha per oggetto l'analisi ed interpretazione delle relazioni disciplinari tra digital humanities e culture documentarie (bibliografia, biblioteconomia, documentazione, library and information science). Dopo una discussione del termine e del concetto di 'disciplina', vengono prese in esame alcune delle caratteristiche dei campi disciplinari oggetto della ricerca, e successivamente ne vengono valutati comparativamente i punti di intersezione e di contatto. Il paragrafo finale, dopo aver riepilogato gli esiti dell'analisi della letteratura utilizzata, propone alcune considerazioni generali, che riguardano principalmente un possibile atteggiamento interpretativo, panoramico ed olistico, riferito alla mutazione digitale in atto. Viene mostrata la necessità di una prospettiva teorica e metodologica convintamente transdisciplinare, che sappia muoversi in modo equilibrato e consapevole tra ampiezza dei cultural e media studies, rigore teoretico della filosofia e 'lunga durata' dei processi storici, tutti necessari per comprendere gli elementi di novità, soprattutto antropologici, distribuiti nell'infosfera. L'obiettivo è quello di favorire il superamento della percezione inquietante (weirdness) che gli effetti del potere computazionale delle macchine generano, e definire le condizioni di fondo per nuovi ambienti biblioteconomici e bibliotecari, capaci di interpretare le tensioni di un Antropocene oramai post-umano.",,,,ISSN: 2280-9112; EISSN: 2239-6152; EISSN: 2239-6144; DOI: 10.2426/aibstudi-12471,,,Rome: Associazione Italiana di Aeronautica,,,,,,,Library & Information Science Abstracts (LISA); Scopus; Free E- Journals,,,,,,,,,https://ocul-crl.primo.exlibrisgroup.com/permalink/01OCUL_CRL/17erkeh/cdi_proquest_reports_2519879710
Proceso constituyente en Chile y elección de pueblos originarios: Un análisis semántico con Digital Humanities,"Ojeda-Pereira, Iván","Revista mad, 2022-10, Vol.46 (46), p.21-39",,Digital Humanities ;   Comparative Politics ;   Constituent Process ;   Native Peoples ;   South America,,,"En este artículo exploramos la contienda electoral por los escaños reservados para representar a los pueblos originarios en la convención constitucional en Chile a nivel de debate programático y de contenido. Así, construimos nuestro enfoque recuperando: i) las potencialidades de la política comparada entre actores y ii) el concepto de semántica desde la tradición sistémica. Metodológicamente, nuestra propuesta emplea herramientas de Digital Humanities, las cuales han sido escasamente utilizadas en la discusión nacional. Los resultados dan cuenta de una semántica transversal presente en electos y no electo y, en las distinciones entre actores, identificamos una semántica cultural-particularista en candidatos no electos, y una universalista en quienes fueron electos y electas. Finalmente, en la discusión, a la luz de los resultados argumentamos que es necesario avanzar en la comprensión de la heterogeneidad y diferencia dentro de los pueblos originarios, y también, en comprender las semánticas políticas desde su multiescalaridad y flexibilidad.",,,,ISSN: 0718-0527; EISSN: 0718-0527; DOI: 10.5354/0719-0527.2022.68478,,,,,,,,,,Eureka (OCUL); Scopus,,,,,,,,,https://ocul-crl.primo.exlibrisgroup.com/permalink/01OCUL_CRL/17erkeh/cdi_crossref_primary_10_5354_0719_0527_2022_68478
Visual Text Analysis in Digital Humanities,"Jänicke, S. ;  Franzini, G. ;  Cheema, M. F. ;  Scheuermann, G.","Computer graphics forum, 2017-09, Vol.36 (6), p.226-250",,"digital humanities ;   close reading ;   Computer Science ;   Computer Science, Software Engineering ;   Data mining ;   distant reading ;   H.5.2 [Information Interfaces and Presentation]: User Interfaces–Evaluation/methodology ;   Reading ;   Science & Technology ;   survey ;   Taxonomy ;   Technology ;   Text analysis ;   visual text analysis",,,"In 2005, Franco Moretti introduced Distant Reading to analyse entire literary text collections. This was a rather revolutionary idea compared to the traditional Close Reading, which focuses on the thorough interpretation of an individual work. Both reading techniques are the prior means of Visual Text Analysis. We present an overview of the research conducted since 2005 on supporting text analysis tasks with close and distant reading visualizations in the digital humanities. Therefore, we classify the observed papers according to a taxonomy of text analysis tasks, categorize applied close and distant reading techniques to support the investigation of these tasks and illustrate approaches that combine both reading techniques in order to provide a multi‐faceted view of the textual data. In addition, we take a look at the used text sources and at the typical data transformation steps required for the proposed visualizations. Finally, we summarize collaboration experiences when developing visualizations for close and distant reading, and we give an outlook on future challenges in that research area.
In 2005, Franco Moretti introduced Distant Reading to analyse entire literary text collections. This was a rather revolutionary idea compared to the traditional Close Reading, which focuses on the thorough interpretation of an individual work. Both reading techniques are the prior means of Visual Text Analysis. We present an overview of the research conducted since 2005 on supporting text analysis tasks with close and distant reading visualizations in the digital humanities.",,,,ISSN: 0167-7055; EISSN: 1467-8659; DOI: 10.1111/cgf.12873,,,HOBOKEN: Wiley,,,,,,,EBSCOhost Art & Architecture Complete; EBSCOhost Business Source Complete (OCUL); CRKN Wiley Online Library; Web of Science Core Collection; Scopus; Science Citation Index Expanded; Scholars Portal Journals: Wiley Current,,,,,,,,,https://ocul-crl.primo.exlibrisgroup.com/permalink/01OCUL_CRL/17erkeh/cdi_crossref_primary_10_1111_cgf_12873
Digital Humanities : Digitalisering og dokument,"Nielsen, Jens Jørn","Nordisk Tidsskrift for Informationsvidenskab og Kulturformidling, 2015-03, Vol.4 (3), p.5-20",,,,,"Artiklen præsenterer først nogle generelle problemstillinger omkring Digital Humanities (DH) med det formål at undersøge dem nærmere i relation til konkrete eksempler på forskellige digitaliseringsmåder og ændringer i dokumentproduktion. I en nærmere afgrænsning vælger artiklen den tendens i DH, der betragter DH som forbundet med ""making"" og ""building"" af digitale objekter og former. Dette kan også karakteriseres som DH som praktisk-produktiv vending. Artiklen har valgt tre typer af digitalisering. De er valgt ud fra, at de skal repræsentere forskellige måder at håndtere digitaliseringen på og forskellige versioner af den praktisk-produktive vending. Artiklen undersøger tre typer digitalisering fra 1990erne til i dag ud fra denne optik. De repræsenterer forskellige former for approach til digitalisering og det digitale dokument og afspejler forskellige typer af problemstillinger i overgangen fra trykkekultur til digital kultur. For det første problemstillingen omkring digitalisering af litterær kulturarv med fokus på kodning og tagging af teksten samt organisering i hypertekststrukturer. For det andet reorganiseringen af det digitale dokument i dataelementer og database. For det tredje konstruktionen af multimodal og multimedial dokumentformidling og ""remixing"" af dokumenter. Alle tre projekttyper udtrykker momenter i humanioras erkendelse af, at trykkekulturens dokumentstrukturer og vidensorganisering suppleres (eller ligefrem erstattes) af andre former for digital vidensorganisering.",,,,ISSN: 2245-2931; EISSN: 2245-294X; DOI: 10.7146/ntik.v4i3.25888,,,Department of Information Studies,,,,,,,Alma/SFX Local Collection,,,,,,,,,https://ocul-crl.primo.exlibrisgroup.com/permalink/01OCUL_CRL/17erkeh/cdi_crossref_primary_10_7146_ntik_v4i3_25888
Digital Humanities,"Eccles, Kathryn","The year's work in critical and cultural theory, 2021, Vol.29 (1), p.37-49",,,,,,,,,ISSN: 1077-4254; EISSN: 1471-681X,,,,,,,,,,CRKN Oxford University Press Current; Scopus; Scholars Portal Journals: Oxford Current,,,,,,,,,https://ocul-crl.primo.exlibrisgroup.com/permalink/01OCUL_CRL/17erkeh/cdi_scopus_primary_2_s2_0_85143221343
The digital humanities. Really?,"Ahluwalia, Pal ;  Miller, Toby","Social identities, 2025-09, Vol.31 (5), p.527-529",,Ethnic Studies ;   Humanities ;   Social Sciences,,,,,,,ISSN: 1350-4630; EISSN: 1363-0296; DOI: 10.1080/13504630.2025.2545005,,,ABINGDON: Routledge,,,,,,,Sociological Abstracts; Web of Science Core Collection; Scholars Portal Journals: Taylor & Francis SSH Collection; International Bibliography of the Social Sciences (IBSS); Taylor & Francis CRKN Social Science and Humanities,,,,,,,,,https://ocul-crl.primo.exlibrisgroup.com/permalink/01OCUL_CRL/17erkeh/cdi_proquest_journals_3258037395
Digital humanities e organizzazione della conoscenza: una pratica di insegnamento nel LODLAM,"Tomasi, Francesca","AIB studi (Roma ), 2020-05, Vol.60 (2), p.411-425",,Digital humanities ;   Cultural heritage ;   Data ;   First year ;   Graduate studies ;   Grammatical aspect ;   Humanities ;   Knowledge ;   Knowledge organization ;   Libraries ;   Linked Data ;   Masters degrees ;   Memories ;   Museums ;   Open data ;   Research methodology ;   Teaching ;   Teaching methods,,,"La mancanza di una definizione unanimemente condivisa su cosa significhi insegnare digital humanities (DH) ci permette di riflettere su obiettivi e metodologie formative, con l'obiettivo di ragionare sull'identità dell'umanista digitale. Il corso di laurea magistrale internazionale in Digital humanities and digital knowledge (DHDK), attivo presso l'Università di Bologna, ha lo scopo di contribuire alla discussione, proponendo un possibile modello di insegnamento delle DH. Data l'esperienza di questo progetto didattico, il corso di Knowledge organization and cultural heritage (KO and CH), una delle attività obbligatorie del primo anno del corso di laurea, è stato progettato avendo in mente un principio: enfatizzare il ruolo delle teorie, metodologie e tecniche delle DH nell'insegnare come affrontare quel percorso che va dalla creazione dei dati alla rappresentazione della conoscenza, e gestire il processo come un flusso di lavoro iterativo in ottica progettuale. Questo articolo mira a introdurre lo scopo e il contenuto del corso di KO and CH. In particolare, si vuole focalizzare sulle linee guida richieste per creare un progetto nel contesto dei linked open data, lavorando",,,,ISSN: 2280-9112; EISSN: 2239-6152; EISSN: 2239-6144; DOI: 10.2426/aibstudi-12068,,,Rome: Associazione Italiana di Aeronautica,,,,,,,Library & Information Science Abstracts (LISA); Scopus; Free E- Journals,,,,,,,,,https://ocul-crl.primo.exlibrisgroup.com/permalink/01OCUL_CRL/17erkeh/cdi_proquest_reports_2521114754
Digital humanities,"Mandal, Anthony","The year's work in critical and cultural theory, 2019-11, Vol.27 (1), p.364-386",,,,,,,,,ISSN: 1077-4254; EISSN: 1471-681X,,,,,,,,,,CRKN Oxford University Press Current; Scopus,,,,,,,,,https://ocul-crl.primo.exlibrisgroup.com/permalink/01OCUL_CRL/17erkeh/cdi_scopus_primary_2_s2_0_85079375689
Digital Humanities,"Eccles, Kathryn","The year's work in critical and cultural theory, 2020, Vol.28 (1), p.86-101",,,,,,,,,ISSN: 1077-4254; EISSN: 1471-681X,,,,,,,,,,CRKN Oxford University Press Current; Scopus,,,,,,,,,https://ocul-crl.primo.exlibrisgroup.com/permalink/01OCUL_CRL/17erkeh/cdi_scopus_primary_2_s2_0_85105003480
On the Meanings of Self-Regulation: Digital Humanities in Service of Conceptual Clarity,"Burman, Jeremy T. ;  Green, Christopher D. ;  Shanker, Stuart","Child Development, 2015-09, Vol.86 (5), p.1507-1521",,"Digital humanities ;   Child development ;   Child psychology ;   Definitions ;   EMPIRICAL ARTICLES ;   Humanities ;   Humans ;   Learning ;   Networks ;   Observation ;   Personality ;   Personality Traits ;   Psychologists ;   Psychology ;   Psychology, Developmental ;   Psychology, Educational ;   Regulation ;   Self concept ;   Self Control ;   Self Management ;   Self regulation ;   Selfmanagement ;   Selfmonitoring ;   Social Behavior ;   Social behaviour ;   Social factors ;   Social networks ;   Social Sciences ;   Societies, Scientific - standards ;   Teachers ;   Technology ;   Terminology as Topic ;   Vocabulary ;   Vocabulary, Controlled",,,"Self-regulation is of interest both to psychologists and to teachers. But what the word means is unclear. To define it precisely, two studies examined the American Psychological Association's system of controlled vocabulary—specifically, the 447 associated terms it presents—and used techniques from the Digital Humanities to identify 88 closely related concepts and six broad conceptual clusters. The resulting analyses show how similar ideas are interrelated: self-control, self-management, self-observation, learning, social behavior, and the personality constructs related to self-monitoring. A full-color network map locates these concepts and clusters relative to each other. It also highlights some of the interests of different audiences, which can be described heuristically using two axes that have been labeled abstract versus practical and self-oriented versus other-oriented.",,,,ISSN: 0009-3920; EISSN: 1467-8624; DOI: 10.1111/cdev.12395; PMID: 26234744; CODEN: CHDEAW,,,HOBOKEN: Blackwell Publishing Ltd,,,,,,,CRKN Wiley Online Library; Web of Science Core Collection; Applied Social Sciences Index & Abstracts (ASSIA); Arts & Humanities Citation Index; PubMed; MEDLINE; JSTOR Archival Journals and Primary Sources Collection; Scopus; ERIC; International Bibliography of the Social Sciences (IBSS); Social Sciences Citation Index; Scholars Portal Journals: Wiley Current; JSTOR,,,,,,,,,https://ocul-crl.primo.exlibrisgroup.com/permalink/01OCUL_CRL/17erkeh/cdi_pubmed_primary_26234744
Digital Humanities—Ways Forward,"Charnow, Sally Debra ;  Horn, Jeff","Historical reflections, 2023-12, Vol.49 (3), p.1-55",,,,,,,,,ISSN: 0315-7997; EISSN: 1939-2419; DOI: 10.3167/hrrh.2023.490301,,,,,,,,,,Gale Academic OneFile; Gale OneFile: Diversity Studies; Berghahn Journals; Gale OneFile: Fine Arts; Scopus; Gale OneFile: Religion and Philosophy; Gale OneFile: World History,,,,,,,,,https://ocul-crl.primo.exlibrisgroup.com/permalink/01OCUL_CRL/17erkeh/cdi_scopus_primary_2_s2_0_85179969570
Distribution features and intellectual structures of digital humanities: A bibliometric analysis,"Wang, Qing","Journal of documentation, 2018-01, Vol.74 (1), p.223-246",,"Digital humanities ;   Academic Achievement ;   Academic language ;   Author productivity ;   Bibliometrics ;   Citation indexes ;   Citations ;   CiteSpace ;   Classification ;   Cocitation ;   Computer Science ;   Computer Science, Information Systems ;   Cultural factors ;   Cultural heritage ;   Cultural resources ;   Data Analysis ;   Design parameters ;   Digital cultural heritage ;   Digital history ;   Digital literary ;   Documents ;   English language ;   Humanities ;   Humanities computing ;   Information Science & Library Science ;   Interdisciplinary aspects ;   Languages ;   Library and information services ;   Literary Criticism ;   Literature reviews ;   Networks ;   Periodicals ;   Productivity ;   Research design ;   Research methodology ;   Researchers ;   Science & Technology ;   Scientometrics ;   Statistical Analysis ;   Technology ;   Visualization ;   Visualization analysis ;   VOSviewer",,,"Purpose - The purpose of this paper is to conduct a retrospective bibliometric analysis of documents about digital humanities, an emerging but interdisciplinary movement. It examines the distribution of research outputs and languages, identifies the active journals and institutions, dissects the network of categories and cited references, and interprets the hot research topics.
Design/methodology/approach - The source data are derived from the Web of Science (WoS) core collection. To reveal the holistic landscape of this field, VOSviewer and CiteSpace as popular visualization tools are employed to process the bibliographic data including author, category, reference, and keyword. Furthermore, the parameter design of the visualization tools follows the general procedures and methods for bibliometric analysis.
Findings - There is an obviously rapid growth in digital humanities research. English is still the leading academic language in this field. The most influential authors all come from or have scientific relationships with Europe and North America, and two leading countries of which are the UK and USA. Digital humanities is the result of a dynamic dialogue between humanistic exploration and digital means. This research field is closely associated with history, literary and cultural heritage, and information and library science.
Research limitations/implications - This analysis relies on the metadata information extracted from the WoS database; however, some valuable literatures in the field of digital humanities may not be retrieved from the database owing to the inherent challenge of topic search. This study is also restricted by the scope of publications, the limitation regarding the source of data is that WoS database may have underrepresented publications in this domain.
Originality/value - The output of this paper could be a valuable reference for researchers and practitioners interesting in the knowledge domain of digital humanities. Moreover, the conclusions of this retrospective analysis can be deemed as the comparable foundation for future study.",,,,ISSN: 0022-0418; EISSN: 1758-7379; DOI: 10.1108/JD-05-2017-0076,,,Leeds: Emerald Group Publishing,,,,,,,"Library & Information Science Abstracts (LISA); Scholars Portal Journals: Emerald Management 120 Collection; Web of Science Core Collection; Alma/SFX Local Collection; Scholars Portal Journals: Emerald; Computer Science Database; Scholars Portal Journals: Emerald Management 150 Collection; Scopus; Art, Design & Architecture Collection; Arts & Humanities Database; Advanced Technologies & Aerospace Collection (ProQuest); Social Sciences Citation Index",,,,,,,,,https://ocul-crl.primo.exlibrisgroup.com/permalink/01OCUL_CRL/17erkeh/cdi_crossref_primary_10_1108_JD_05_2017_0076
Communicating Uncertainty in Digital Humanities Visualization Research,"Panagiotidou, Georgia ;  Lamqaddam, Houda ;  Poblome, Jeroen ;  Brosens, Koenraad ;  Verbert, Katrien ;  Moere, Andrew Vande","IEEE transactions on visualization and computer graphics, 2023-01, Vol.29 (1), p.1-11",,Digital humanities ;   Communication ;   Data analysis ;   Data visualization ;   Humanities ;   review ;   Task analysis ;   Taxonomy ;   Trustworthiness ;   Uncertainty ;   Visualization,,,"Due to their historical nature, humanistic data encompass multiple sources of uncertainty. While humanists are accustomed to handling such uncertainty with their established methods, they are cautious of visualizations that appear overly objective and fail to communicate this uncertainty. To design more trustworthy visualizations for humanistic research, therefore, a deeper understanding of its relation to uncertainty is needed. We systematically reviewed 126 publications from digital humanities literature that use visualization as part of their research process, and examined how uncertainty was handled and represented in their visualizations. Crossing these dimensions with the visualization type and use, we identified that uncertainty originated from multiple steps in the research process from the source artifacts to their datafication. We also noted how besides known uncertainty coping strategies, such as excluding data and evaluating its effects, humanists also embraced uncertainty as a separate dimension important to retain. By mapping how the visualizations encoded uncertainty, we identified four approaches that varied in terms of explicitness and customization. This work contributes with two empirical taxonomies of uncertainty and it's corresponding coping strategies, as well as with the foundation of a research agenda for uncertainty visualization in the digital humanities. Our findings further the synergy among humanists and visualization researchers, and ultimately contribute to the development of more trustworthy, uncertainty-aware visualizations.",,,,ISSN: 1077-2626; ISSN: 1941-0506; EISSN: 1941-0506; DOI: 10.1109/TVCG.2022.3209436; PMID: 36166561; CODEN: ITVGEA,,,United States: IEEE,,,,,,,IEEE Electronic Library (IEL),,,,,,,,,https://ocul-crl.primo.exlibrisgroup.com/permalink/01OCUL_CRL/17erkeh/cdi_scopus_primary_2_s2_0_85139484761
Comparative Global—Digital—Humanities,"de Fremery, Wayne","History of humanities, 2024-03, Vol.9 (1), p.115-128",,,,,"This article investigates a technical and intellectual foundation of digital scholarship—digital copying—for how it might help us to think about frameworks for exploring the humanities, digital or otherwise, in comparative contexts. Two research projects are compared and contrasted to suggest how the investigation of copies and digital copying might formulate useful critical frames for global comparative humanities projects. Both projects employed the same artificial intelligence technologies, specifically deep learning tools, to copy documents from previous centuries, the Qisha canon (Qishazang 磧砂藏), a thirteen-/fourteenth-century Tripitaka produced in Southeast China, and the Capital Gazette (Hwangsŏng sinmun 皇城新聞), a late nineteenth-/early twentieth-century newspaper produced on the Korean peninsula. One project was conducted with monastics at Fo Guang Shan (佛光山) Monastery in Taiwan between 2017 and 2021, and the other with the National Library of (South) Korea in 2021.",,,,ISSN: 2379-3163; EISSN: 2379-3171; DOI: 10.1086/729078,,,The University of Chicago Press,,,,,,,Scopus; University of Chicago Press Journals,,,,,,,,,https://ocul-crl.primo.exlibrisgroup.com/permalink/01OCUL_CRL/17erkeh/cdi_uchicagopress_journals_729078
Text analysis using deep neural networks in digital humanities and information science,"Suissa, Omri ;  Elmalech, Avshalom ;  Zhitomirsky‐Geffet, Maayan","Journal of the Association for Information Science and Technology, 2022-02, Vol.73 (2), p.268-287",,"Computer Science ;   Computer Science, Information Systems ;   Information Science & Library Science ;   Science & Technology ;   Technology",,,"Combining computational technologies and humanities is an ongoing effort aimed at making resources such as texts, images, audio, video, and other artifacts digitally available, searchable, and analyzable. In recent years, deep neural networks (DNN) dominate the field of automatic text analysis and natural language processing (NLP), in some cases presenting a super‐human performance. DNNs are the state‐of‐the‐art machine learning algorithms solving many NLP tasks that are relevant for Digital Humanities (DH) research, such as spell checking, language detection, entity extraction, author detection, question answering, and other tasks. These supervised algorithms learn patterns from a large number of “right” and “wrong” examples and apply them to new examples. However, using DNNs for analyzing the text resources in DH research presents two main challenges: (un)availability of training data and a need for domain adaptation. This paper explores these challenges by analyzing multiple use‐cases of DH studies in recent literature and their possible solutions and lays out a practical decision model for DH experts for when and how to choose the appropriate deep learning approaches for their research. Moreover, in this paper, we aim to raise awareness of the benefits of utilizing deep learning models in the DH community.",,,,ISSN: 2330-1635; EISSN: 2330-1643; DOI: 10.1002/asi.24544,,,"Hoboken, USA: John Wiley & Sons, Inc",,,,,,,EBSCOhost Business Source Complete (OCUL); CRKN Wiley Online Library; Web of Science Core Collection; Scopus; Science Citation Index Expanded; Social Sciences Citation Index,,,,,,,,,https://ocul-crl.primo.exlibrisgroup.com/permalink/01OCUL_CRL/17erkeh/cdi_crossref_primary_10_1002_asi_24544
Response to “The circus we deserve? A front row look at the organization of the annual academic conference for the Digital Humanities”,The Alliance of Digital Humanities Organizations,"Digital humanities quarterly, 2022, Vol.16 (4)",,"Digital humanities ;   Arts & Humanities ;   Arts & Humanities - Other Topics ;   Decision making ;   Gender ;   Humanities, Multidisciplinary ;   Library associations ;   Multiculturalism & pluralism ;   Multilingualism ;   Task forces",,,"The annual, international Digital Humanities conference is what originally brought ADHO (the Alliance of Digital Humanities Organizations) together. Many see it as a cornerstone of our collective identity which enables collaboration, networking, and the international dissemination of scholarship in the field. This response to ""The circus we deserve? A front row look at the organization of the annual academic conference for the Digital Humanities"" by Laura Estill, Jennifer Guiliano, Elika Ortega, Melissa Terras, Deb Verhoeven and Glen Layne-Worthey engages with its call for ADHO to improve its processes and practices surrounding the DH conference by describing the work that has been done to date, and initiatives ADHO is now undertaking.",,,,ISSN: 1938-4122; EISSN: 1938-4122,,,BOSTON: Alliance Digital Humanities Organizations,,,,,,,"Web of Science Core Collection; Alma/SFX Local Collection; Scopus; Art, Design & Architecture Collection; Arts & Humanities Database",,,,,,,,,https://ocul-crl.primo.exlibrisgroup.com/permalink/01OCUL_CRL/17erkeh/cdi_webofscience_primary_001020926300006CitationCount
Latinx Digital Humanities,"Varon, Alberto","Chiricú, 2024-03, Vol.8 (2), p.COV1",,,,,,,,,ISSN: 0277-7223; DOI: 10.2979/chj.00021,,,Indiana University Press,,,,,,,Gale Literature Resource Center,,,,,,,,,https://ocul-crl.primo.exlibrisgroup.com/permalink/01OCUL_CRL/17erkeh/cdi_gale_lrcgauss_A828327688
